<screen name="ScreenSaverUnlock">

	<image name="background" file="resources\menus\mainBg.jpg"  />
	<image name="backdrop" file="resources\menus\infoFrame.jpg" pivot="center" opacity="0.9" x="320" y="240" />
	
	<text name="title" string="NEW SCREEN SAVER!" font="resources/HUD/frenzyFontWhite.xml" xAlign="center" yAlign="top" size="18" x="320" y="92" />

	<text name="congrat" font="resources/HUD/textFont.xml" xAlign="center"
			x="320" y="145"
			string="You've earned enough Food Bank points to\nunlock a new Feeding Frenzy screen saver!" />

	<text name="congratAll" font="resources/HUD/textFont.xml" xAlign="center"
			x="320" y="145"
			string="You've earned enough Food Bank points to unlock\nall the Feeding Frenzy screen savers! GREAT JOB!" />
	
	<text name="ssTitle" font="resources/menus/infoText14.xml" xAlign="center"
			x="320" y="215"
			string="NEW SAVER: Sunken Treasure" />
	
	<text name="helpHeader" font="resources/menus/infoText14.xml" xAlign="left"
			x="102" y="260"
			string="USING SCREEN SAVERS" />

	<text name="helpText" font="resources/menus/infoText14.xml"
			x="114" y="281"
			string="When you're done playing, you can try out your new screen saver!\n
					Open your 'Display' control panel and select the 'Screen Savers'\n
					tab.  Choose 'Feeding Frenzy' from the list and click on 'Settings'\n
					to pick from the list of screen savers.  Can you unlock all 6?
			"/>

	<text name="helpTextAll" font="resources/menus/infoText14.xml"
			x="114" y="281"
			string="When you're done playing, you can try out your new screen saver!\n
					Open your 'Display' control panel and select the 'Screen Savers'\n
					tab.  Choose 'Feeding Frenzy' from the list and click on 'Settings'\n
					to pick from the list of screen savers.
			"/>
	
	<group name="continueBtnGroup" x="218" y="380">
		<imageButton name="continueBtn" upImg="resources\menus\genericButtonNormal.png" overImg="resources\menus\genericButtonHigh.png" x="25" y="15" action="ssUnlockDone"  overSound="resources/sounds/mouseOver.wav" activeSound="resources/sounds/mouseDown.wav" />
		<text name="continueBtnText" string="A" font="resources/HUD/buttonFontDone.xml" xAlign="center" yAlign="top" size="18" x="96" y="30" />
	</group>

</screen>