<screen name="Stage 1 Load">

	<include name="baseLyout" file="config\Stages\wyw\ssb_27.xml" />

	<textSub name="title" string="" />
								  
	<textSub name="tagline" string="" />		
	<textSub name="para1"  string="" />

	<textSub name="para2"  string=""
								   />

	<image name="extraButton"  file="resources\bonus\stunBubble1.png" x="156" y="113" />
	<image name="extraButton"  file="resources\bonus\stunBubble1.png" x="447" y="113" />

	<textSub name="objectiveText" string="" />
	<textSub name="timeObjectiveText" string="" />

</screen>
