<screen name="Stage 1 Load">

	<include name="baseLyout" file="config\Stages\wyw\ssb_08.xml" />

	<textSub name="title" string="" />
								  
	<textSub name="tagline" string="" />
		
	<textSub name="para1"  string="" />

	<textSub name="para2"  string="" />

	<image name="extraButton" file="resources\bonus\2xBubble1.jpg" x="475" y="245" />
	<image name="extraButton" file="resources\bonus\fishBubble1.png" x="495" y="305" />

	<textSub name="objectiveText" string=" " />
	<textSub name="timeObjectiveText" string=" " />

</screen>
