<stage name="DontEatTheGreenFish" 
	stageWidth="800" 
	stageHeight="600"
	time="1:00" >

	<environment bgLayout="resources/backdrops/PotteryCave/bgLayout.xml" 
				 fgLayout="resources/backdrops/PotteryCave/fgLayout.xml"
				 mgLayout="resources/backdrops/PotteryCave/mgLayout.xml" />
				 
	<playerFish config="config/Fish/LionPlayer.xml" >
		<size size="5.5" targetScore="0" scale="0.4" />
		<size size="7.5" targetScore="400" scale="0.65" />
		<size size="8.5" targetScore="1320" scale="1.0" />
		<size size="9.5" targetScore="2100" scale="1.0" />
	</playerFish>

<!-- Fish -->
	
	<enemyFish name="Angel B Small" template="config/fish/angelASmall.xml" poolSize="4">
		<spawnInfo playerSize="0"	maxCount="4"	respawnFreq="(0.3,0.7)" />
		<spawnInfo playerSize="7.5" maxCount="5"	respawnFreq="(0.3,0.8)" />
		<spawnInfo playerSize="8.5" maxCount="5"	respawnFreq="(0.3,1.0)" />
	</enemyFish>

	<enemyFish name="AngelBSmallSchool" template="config/fish/angelBSmallSchool.xml" poolSize="6" displayMenuImage="false" >
		<spawnInfo playerSize="0"	maxCount="6"	respawnFreq="(.2,.5)" />
		<spawnInfo playerSize="7.5" maxCount="6"	respawnFreq="(1.0,2.5)" />
		<spawnInfo playerSize="8.5" maxCount="6"	respawnFreq="(1.0,2.5)" />
	</enemyFish>
	
	<enemyFish name="Parrot A Large" template="config/fish/ParrotALarge.xml" poolSize="3" >
		<spawnInfo playerSize="0"	maxCount="0"	respawnFreq="(3.0,8.0)" />
		<spawnInfo playerSize="7.5" maxCount="1"	respawnFreq="(0.6,3.0)" />
		<spawnInfo playerSize="8.5" maxCount="2"	respawnFreq="(1.0,3.0)" />
	</enemyFish> 

	<enemyFish name="Surgeon B Medium FlyBy" template="config/fish/SurgeonBMediumFlyBy.xml" poolSize="3" >
		<spawnInfo playerSize="0"	maxCount="1"	respawnFreq="(1.0,4.0)" />
		<spawnInfo playerSize="7.5" maxCount="2"	respawnFreq="(0.5,1.0)" />
		<spawnInfo playerSize="8.5" maxCount="2"	respawnFreq="(2.0,5.0)" />
	</enemyFish>

	<enemyFish name="Shark" template="config/fish/SharkFlyby.xml" poolSize="1" displayMenuImage="false" mode="uncounted" >
		<spawnInfo playerSize="0" maxCount="0"	respawnFreq="(95.0,180.0)" />
		<spawnInfo playerSize="7.5" maxCount="1" respawnFreq="(25.0,25.0)" />
		<spawnInfo playerSize="8.5" maxCount="0"	respawnFreq="(95.0,180.0)" />
		<spawnInfo playerSize="9.5" maxCount="0"	respawnFreq="(95.0,180.0)" />
	</enemyFish>

<!-- Hazards -->

	<enemyFish name="Oysters" template="config/fish/oyster.xml" poolSize="1" displayMenuImage="false" mode="uncounted" >
		<staticSpawn pos="667,511" doRespawn="true" />
		<spawnInfo playerSize="0"	maxCount="0"	respawnFreq="(.5,1.5)" />		
	</enemyFish>

	<enemyFish name="Poison Minnow" template="config/fish/PoisonMinnow.xml" poolSize="4" displayMenuImage="false" mode="uncounted">
		<spawnInfo playerSize="0"	maxCount="3"	respawnFreq="(0.2,0.8)" />
		<spawnInfo playerSize="7.5" maxCount="4"	respawnFreq="(2.0,6.0)" />
		<spawnInfo playerSize="8.5" maxCount="3"	respawnFreq="(1.0,5.0)" />
	</enemyFish>

<!-- Powerups -->

	<enemyFish name="Bubbles" template="config/fish/BonusBubbleStar.xml" poolSize="2"  displayMenuImage="false" mode="uncounted" >
		<spawnInfo playerSize="0"	maxCount="4"	respawnFreq="(4.0,10.0)" />
		<spawnInfo playerSize="7.5" maxCount="3"	respawnFreq="(4.0,10.0)" />
		<spawnInfo playerSize="8.5" maxCount="2"	respawnFreq="(4.0,10.0)" />
	</enemyFish>

	<enemyFish name="Speed Bubbles" template="config/fish/BonusBubbleSpeed.xml" poolSize="1"  displayMenuImage="false" mode="uncounted" >
		<spawnInfo playerSize="0"	maxCount="1"	respawnFreq="(7.0,18.0)" />
		<spawnInfo playerSize="7.5" maxCount="0"	respawnFreq="(5.0,18.0)" />
		<spawnInfo playerSize="8.5" maxCount="1"	respawnFreq="(5.0,18.0)" />
	</enemyFish>

	<enemyFish name="Stun Bubbles" template="config/fish/BonusBubbleStun.xml" poolSize="1"  displayMenuImage="false" mode="uncounted" >
		<spawnInfo playerSize="0"	maxCount="1"	respawnFreq="(4.0,18.0)" />
		<spawnInfo playerSize="7.5" maxCount="1"	respawnFreq="(5.0,18.0)" />
		<spawnInfo playerSize="8.5" maxCount="0"	respawnFreq="(5.0,18.0)" />
	</enemyFish>


	<music	introSound="stageIntro"
			outroSound="stageOutro"
			gameMusic="resources/music/track1.wav" />
		
</stage>
