<screen name="Shell Game Start">
	<include name="baseLyout" file="config\Stages\wyw\ssb_20.xml" />

	<textSub name="title" string="" />
								  
	<textSub name="tagline" string="" />
		
	<textSub name="para1"  string="" />

	<textSub name="para2"  string=""/>

	<group x="0" y="20" >
		<image name="extraButton" file="resources\Oyster\open.4.jpg" x="455" y="200" />
		<image name="pearlButton" file="resources\Oyster\pearl.jpg" x="505" y="262" pivot="center" opacity="0.8" scaleX=".6" scaleY=".6" />
	</group>

	<textSub name="objectiveText" string="" />
	<textSub name="timeObjectiveText" string="" />
</screen>