<screen name="Stage 1 Load">

	<include name="baseLyout" file="config\Stages\wyw\ssb_25.xml" />

	<image name="extraButton" file="resources\menus\screenExtras\circleBack.png" x="458" y="170" />
	<image name="extraButton" file="resources\JohnDory\swim\swim_cycle.10.jpg" scaleX="0.46" scaleY="0.46" x="470" y="183" />
	<text  name="extraButtonCaption" font="resources\menus\infoText14.xml" x="495" y="174" string="J.D."/>
	<textSub name="title" string="" />
								  
	<textSub name="tagline" string="" />
		
	<textSub name="para1"  string="" />

	<textSub name="para2"  string="" />

	<textSub name="objectiveText" string="" />
	<textSub name="timeObjectiveText" string="" />

</screen>
