<font face="Trebuchet MS" image="resources/menus/infoText14FunFacts.png" height="50" spaceWidth="1" ascent="16" gap="0">
   <!-- row 0 -->
   <glyph char="65" a="0" b="395" c="4" />
   <!-- row 1 -->
   <glyph char="66" a="0" b="395" c="4" />
   <!-- row 2 -->
   <glyph char="67" a="0" b="395" c="4" />
   <!-- row 3 -->
   <glyph char="68" a="0" b="395" c="4" />
   <!-- row 4 -->
   <glyph char="69" a="0" b="395" c="4" />
   <!-- row 5 -->
   <glyph char="70" a="0" b="395" c="4" />
   <!-- row 6 -->
   <glyph char="71" a="0" b="395" c="4" />
   <!-- row 7 -->
   <glyph char="72" a="0" b="395" c="4" />
   <!-- row 8 -->
   <glyph char="73" a="0" b="395" c="4" />
   <!-- row 9 -->
   <glyph char="74" a="0" b="395" c="4" />
   <!-- row 10 -->
   <glyph char="75" a="0" b="395" c="4" />
   <!-- row 11 -->
   <glyph char="76" a="0" b="395" c="4" />
   <!-- row 12 -->
   <glyph char="77" a="0" b="395" c="4" />
   <!-- row 13 -->
   <glyph char="78" a="0" b="395" c="4" />
   <!-- row 14 -->
   <glyph char="79" a="0" b="395" c="4" />
   <!-- row 15 -->
   <glyph char="80" a="0" b="395" c="4" />
   <!-- row 16 -->
   <glyph char="81" a="0" b="395" c="4" />
   <!-- row 17 -->
   <glyph char="82" a="0" b="395" c="4" />
   <!-- row 18 -->
   <glyph char="83" a="0" b="395" c="4" />
   <!-- row 19 -->
   <glyph char="84" a="0" b="395" c="4" />
   <!-- row 20 -->
   <glyph char="85" a="0" b="395" c="4" />
   <!-- row 21 -->
   <glyph char="86" a="0" b="395" c="4" />
   <!-- row 22 -->
   <glyph char="87" a="0" b="395" c="4" />
   <!-- row 23 -->
   <glyph char="88" a="0" b="395" c="4" />
   <!-- row 24 -->
   <glyph char="89" a="0" b="395" c="4" />
   <!-- row 25 -->
   <glyph char="90" a="0" b="395" c="4" />
   <!-- row 26 -->
   <glyph char="97" a="0" b="395" c="4" />
   <!-- row 27 -->
   <glyph char="98" a="0" b="395" c="4" />
   <!-- row 28 -->
   <glyph char="99" a="0" b="395" c="4" />
   <!-- row 29 -->
   <glyph char="100" a="0" b="395" c="4" />
   <!-- row 30 -->
   <glyph char="101" a="0" b="395" c="4" />
   <!-- row 31 -->
   <glyph char="102" a="0" b="395" c="4" />
   <!-- row 32 -->
   <glyph char="103" a="0" b="395" c="4" />
   <!-- row 33 -->
   <glyph char="104" a="0" b="395" c="4" />
   <!-- row 34 -->
   <glyph char="105" a="0" b="395" c="4" />
   <!-- row 35 -->
   <glyph char="106" a="0" b="395" c="4" />
   <!-- row 36 -->
   <glyph char="107" a="0" b="395" c="4" />
   <!-- row 37 -->
   <glyph char="108" a="0" b="395" c="4" />
   <!-- row 38 -->
   <glyph char="109" a="0" b="395" c="4" />
   <!-- row 39 -->
   <glyph char="110" a="0" b="395" c="4" />
   <!-- row 40 -->
   <glyph char="111" a="0" b="395" c="4" />
   <!-- row 41 -->
   <glyph char="112" a="0" b="395" c="4" />
   <!-- row 42 -->
   <glyph char="113" a="0" b="395" c="4" />
   <!-- row 43 -->
   <glyph char="114" a="0" b="395" c="4" />
   <!-- row 44 -->
   <glyph char="115" a="0" b="395" c="4" />
   <!-- row 45 -->
   <glyph char="116" a="0" b="395" c="4" />
   <!-- row 46 -->
   <glyph char="117" a="0" b="395" c="4" />
   <!-- row 47 -->
   <glyph char="118" a="0" b="395" c="4" />
   <!-- row 48 -->
   <glyph char="119" a="0" b="395" c="4" />
   <!-- row 49 -->
   <glyph char="120" a="0" b="395" c="4" />
   <!-- row 50 -->
   <glyph char="121" a="0" b="395" c="4" />
</font>
