<font face="Fink-Roman" image="resources/HUD/scoreFont.png" height="32" spaceWidth="1" ascent="22" gap="2">
   <!-- row 0 -->
   <glyph char="49" a="0" b="8" c="1" />
   <glyph char="50" a="0" b="13" c="1" />
   <glyph char="51" a="1" b="11" c="1" />
   <glyph char="52" a="0" b="12" c="0" />
   <glyph char="53" a="0" b="10" c="1" />
   <glyph char="54" a="1" b="12" c="1" />
   <glyph char="55" a="0" b="12" c="0" />
   <!-- row 1 -->
   <glyph char="56" a="0" b="12" c="1" />
   <glyph char="57" a="1" b="10" c="1" />
   <glyph char="48" a="0" b="13" c="1" />
   <glyph char="58" a="0" b="4" c="0" />
   <glyph char="44" a="1" b="2" c="1" />
   <glyph char="46" a="0" b="3" c="1" />
   <glyph char="45" a="0" b="8" c="0" />
   <glyph char="43" a="1" b="7" c="0" />
   <glyph char="33" a="1" b="3" c="0" />
</font>
