<screen name="Stage 1 Load">

	<include name="baseLyout" file="config\Stages\wyw\ssb_34.xml" />

	<textSub name="title" string="" />
								  
	<textSub name="tagline" string="" />
		
	<textSub name="para1"  string="" />

	<textSub name="para2"  string="" />

	<image x="376" y="136" scaleX="-0.5" scaleY="0.5" file="resources/marlin/swim/swim_cycle.1.jpg" />
	<image x="452" y="198" scaleX="-0.4" scaleY="0.4" file="resources/tuna/swim/swim_cycle.4.jpg" />
	<image x="361" y="200" scaleX="-0.34" scaleY="0.34" file="resources/JohnDory/swim/swim_cycle.4.jpg" />

	<textSub name="objectiveText" string="" />
	<textSub name="timeObjectiveText" string="" />

</screen>
