<stage name="Fish Soup" 
	friendlyName="Fish Soup"
	stageWidth="800" 
	stageHeight="600"
	time="1:30" >

	<environment bgLayout="resources/backdrops/PotteryCave/bgLayout.xml" 
				 fgLayout="resources/backdrops/PotteryCave/fgLayout.xml"
				 mgLayout="resources/backdrops/PotteryCave/mgLayout.xml" />
				 
	<playerFish config="config/Fish/LionPlayer.xml" >
		<size size="5.5" targetScore="0" scale="0.4" />
		<size size="7.5" targetScore="350" scale="0.65" />
		<size size="8.5" targetScore="950" scale="1.0" />
		<size size="9.5" targetScore="1700" scale="1.0" />
	</playerFish>

<!-- Fish -->

	<enemyFish name="MinnowMini" template="config/fish/MinnowMini.xml" poolSize="18">
		<spawnInfo playerSize="0"	maxCount="18"	respawnFreq="0.025" />
		<spawnInfo playerSize="7.5" maxCount="12"	respawnFreq="0.1" />
		<spawnInfo playerSize="8.5" maxCount="10"	respawnFreq="0.2" />
	</enemyFish>

	<enemyFish name="Angler Large" template="config/fish/AnglerLarge.xml" poolSize="3" >
		<spawnInfo playerSize="0"	maxCount="1"	respawnFreq="(2.0,6.0)" />
		<spawnInfo playerSize="7.5" maxCount="2"	respawnFreq="(2.0,6.0)" />
		<spawnInfo playerSize="8.5" maxCount="3"	respawnFreq="(1.0,4.0)" />
	</enemyFish> 

	<enemyFish name="PufferAMedium" template="config/fish/PufferAMedium.xml" poolSize="4" >
		<spawnInfo playerSize="0"	maxCount="2"	respawnFreq="(1.0,2.0)" />
		<spawnInfo playerSize="7.5" maxCount="2"	respawnFreq="(1.0,2.0)" />
		<spawnInfo playerSize="8.5" maxCount="3"	respawnFreq="(1.0,2.0)" />
	</enemyFish>

	<enemyFish name="Barracuda" template="config/fish/Barracuda.xml" poolSize="1" displayMenuImage="false" mode="uncounted" >
		<spawnInfo playerSize="7.5"	maxCount="1"	respawnFreq="(15.0,40.0)" />
	</enemyFish>	

<!-- Hazards -->

	<enemyFish name="Jellies" template="config/fish/BasicJellyFish.xml" poolSize="1"  displayMenuImage="false" mode="uncounted">
		<spawnInfo playerSize="7.5"	maxCount="1"	respawnFreq="(5.0,8.0)" />
	</enemyFish>

	<enemyFish name="Oysters" template="config/fish/oyster.xml" poolSize="1" displayMenuImage="false" mode="uncounted" >
		<staticSpawn pos="667,511" doRespawn="true" />
		<spawnInfo playerSize="0"	maxCount="0"	respawnFreq="(.5,1.5)" />		
	</enemyFish>

<!-- Powerups -->

	<enemyFish name="Bubbles" template="config/fish/BonusBubbleStar.xml" poolSize="3"  displayMenuImage="false" mode="uncounted" >
		<spawnInfo playerSize="0"	maxCount="1"	respawnFreq="(5.0,15.0)" />
		<spawnInfo playerSize="7.5" maxCount="2"	respawnFreq="(5.0,15.0)" />
		<spawnInfo playerSize="8.5" maxCount="3"	respawnFreq="(5.0,15.0)" />
	</enemyFish>

	<enemyFish name="Stun Bubble" template="config/fish/BonusBubbleStun.xml" poolSize="1"  displayMenuImage="false" mode="uncounted" >
		<spawnInfo playerSize="0"	maxCount="1"	respawnFreq="(1.5,4.0)" />
	</enemyFish>

	<enemyFish name="GoldenMinnow" template="config/fish/GoldenMinnow.xml" poolSize="1" displayMenuImage="false" mode="onlyUneaten" >
		<spawnInfo playerSize="0"	maxCount="1"	respawnFreq="(15,40)" />
	</enemyFish>


	<music	introSound="stageIntro"
			outroSound="stageOutro"
			gameMusic="resources/music/track4.wav" />
		
</stage>
