<screen name="Fish Soup Start">

	<include name="baseLyout" file="config\Stages\wyw\ssb_11.xml" />

	<textSub name="title" string="" />
								  
	<textSub name="tagline" string="" />
		
	<textSub name="para1"  string="" />

	<textSub name="para2"  string=""/>

	<group x="0" y="-20">
   		<image name="extraButton" file="resources\Bonus\stunBubble1.png" pivot="center" x="502" y="273" />

   		<image name="extraButton" file="resources\FX\Stun\stunBonusParticle0.png" scaleX="0.5" scaleY="0.5" pivot="center" x="462" y="253" />
   		<image name="extraButton" file="resources\FX\Stun\stunBonusParticle0.png" scaleX="0.5" scaleY="0.5" pivot="center" x="532" y="233" />
   		<image name="extraButton" file="resources\FX\Stun\stunBonusParticle0.png" scaleX="0.5" scaleY="0.5" pivot="center" x="523" y="313" />
   		<image name="extraButton" file="resources\FX\Stun\stunBonusParticle0.png" scaleX="0.5" scaleY="0.5" pivot="center" x="473" y="305" />
	</group>

	<textSub name="objectiveText" string=" " />
	<textSub name="timeObjectiveText" string=" " />

</screen>
