<stage name="Stage 0" 
	friendlyName="Stage 0: A Demo Level" 
	nextLevelAt="500" 
	nextStage="config/Stages/FeedingFrenzy/stage.xml" 
	stageWidth="640" 
	stageHeight="480"
	time="2:00" >

	<environment bgLayout="resources/backdrops/BigRidge/bgLayout.xml" 
				 fgLayout="resources/backdrops/BigRidge/fgLayout.xml"
				 mgLayout="resources/backdrops/BigRidge/mgLayout.xml" />

	<toolTip file="config/toolTips/dashTip.xml" type="levelStart" delay="5.0" />
	<toolTip file="config/toolTips/growMeterTip.xml" type="fishEaten" delay="0.1" />
	<toolTip file="config/toolTips/fishGrowTip.xml" type="playerGrow" delay="0.5" />
	

	<playerFish config="config/Fish/orcaPlayer.xml" >
		<size size="10.5" targetScore="0" scale="0.4" />
		<size size="13.5" targetScore="20" scale="1.2" />
		<size size="15.5" targetScore="70" scale="1.2" />
		<size size="16.5" targetScore="100000" scale="1.0" />
	</playerFish>
	
	<enemyFish name="Puffer B Small" template="config/fish/PufferBSmall.xml" poolSize="25" mode="uncounted">
		<spawnInfo playerSize="0"	maxCount="20"	respawnFreq="(0.1,0.2)" />
	</enemyFish>
	
	
	<enemyFish name="Mine" template="config/fish/Mine.xml" poolSize="8" displayMenuImage="false" mode="uncounted" >
		<spawnInfo playerSize="0"	maxCount="2"	respawnFreq="(2, 3.0)" />
		<spawnInfo playerSize="7.5" maxCount="3"	respawnFreq="(2, 5.0)" />
		<spawnInfo playerSize="8.5" maxCount="4"	respawnFreq="(2, 5.0)" />
	</enemyFish> 


<!--	<enemyFish name="Fury Bubbles" template="config/fish/BonusBubbleShield.xml" poolSize="10"  displayMenuImage="false" mode="uncounted">
		<spawnInfo playerSize="0"	maxCount="10"	respawnFreq="(0.1,4.0)" />
	</enemyFish>

	<enemyFish name="Fury Bubbles" template="config/fish/BonusBubbleStun.xml" poolSize="5"  displayMenuImage="false" mode="uncounted">
		<spawnInfo playerSize="0"	maxCount="5"	respawnFreq="(0.1,1.0)" />
	</enemyFish> 
-->
	<enemyFish name="Fury Bubbles" template="config/fish/BonusBubbleFeedingFury.xml" poolSize="10"  displayMenuImage="false" mode="uncounted">
		<spawnInfo playerSize="0"	maxCount="10"	respawnFreq="(0.1,4.0)" />
	</enemyFish>

	<enemyFish name="Fury Bubbles" template="config/fish/BonusBubbleFreeLife.xml" poolSize="10"  displayMenuImage="false" mode="uncounted">
		<spawnInfo playerSize="0"	maxCount="10"	respawnFreq="(0.1,4.0)" />
	</enemyFish>

	<enemyFish name="Fury Bubbles" template="config/fish/BonusBubbleStar.xml" poolSize="10"  displayMenuImage="false" mode="uncounted">
		<spawnInfo playerSize="0"	maxCount="10"	respawnFreq="(0.1,4.0)" />
	</enemyFish>

	<enemyFish name="Minnow Small" template="config/fish/MinnowSmall.xml" displayMenuImage="false" poolSize="5">
		<spawnInfo playerSize="0"	maxCount="10"	respawnFreq="0.3" />
		<spawnInfo playerSize="3.5" maxCount="10"	respawnFreq="0.5" />
		<spawnInfo playerSize="4.5" maxCount="10"	respawnFreq="1.0" />
	</enemyFish>

	<enemyFish name="Minnow Small" template="config/fish/SuicideFish.xml" poolSize="25">
		<spawnInfo playerSize="0"	maxCount="25"	respawnFreq="0.01" />
		<spawnInfo playerSize="13.5" maxCount="25"	respawnFreq="0.05" />
		<spawnInfo playerSize="15.5" maxCount="10"	respawnFreq="1.0" />
	</enemyFish>

	<enemyFish name="Minnow Small" template="config/fish/SuicideFishLarge.xml" poolSize="25">
		<spawnInfo playerSize="0"	maxCount="8"	respawnFreq="0.01" />
		<spawnInfo playerSize="13.5" maxCount="10"	respawnFreq="0.5" />
		<spawnInfo playerSize="15.5" maxCount="10"	respawnFreq="1.0" />
	</enemyFish>


	<enemyFish name="Minnow Small" template="config/fish/SuicideFish3.xml" poolSize="25">
		<spawnInfo playerSize="0"	maxCount="0"	respawnFreq="0.01" />
		<spawnInfo playerSize="13.5" maxCount="0"	respawnFreq="0.5" />
		<spawnInfo playerSize="15.5" maxCount="10"	respawnFreq="1.0" />
	</enemyFish>
	
	<enemyFish name="Minnow Small" template="config/fish/SuicideFish4.xml" poolSize="25">
		<spawnInfo playerSize="0"	maxCount="0"	respawnFreq="0.01" />
		<spawnInfo playerSize="13.5" maxCount="0"	respawnFreq="0.5" />
		<spawnInfo playerSize="15.5" maxCount="10"	respawnFreq="1.0" />
	</enemyFish>
	
	<enemyFish name="Jellies" template="config/fish/BasicJellyFish.xml" poolSize="6"  displayMenuImage="false" mode="uncounted">
		<spawnInfo playerSize="0"	maxCount="4"	respawnFreq="(1.0,3.5)" />
		<spawnInfo playerSize="4.5" maxCount="5"	respawnFreq="(1.0,7.0)" />
		<spawnInfo playerSize="6.5" maxCount="6"	respawnFreq="(1.0,7.0)" />
	</enemyFish>

	<enemyFish name="Oysters" template="config/fish/oyster.xml" poolSize="2" displayMenuImage="false" mode="uncounted" >
		<staticSpawn pos="490,500" doRespawn="true" />
		<staticSpawn pos="60,510" doRespawn="true" />
		<spawnInfo playerSize="0"	maxCount="0"	respawnFreq="(.5,1.5)" />		
	</enemyFish>
	
	<enemyFish name="OrcaHazard" template="config/fish/OrcaHazard.xml" poolSize="1" mode="uncounted" displayMenuImage="false" >
		<spawnInfo playerSize="0"	maxCount="1"	respawnFreq="(1.0,2.0)" />
	</enemyFish> 

<!-- Hazards -->

	<enemyFish name="Poison MinnowMini" template="config/fish/PoisonMinnowMini.xml" poolSize="40" displayMenuImage="false" mode="uncounted">
		<spawnInfo playerSize="0"	maxCount="30"	respawnFreq="(0.1,0.1)" />
	</enemyFish> 	
	
<!--	<enemyFish name="Surgeon A Medium" template="config/fish/SurgeonAMedium.xml" poolSize="5" >
		<spawnInfo playerSize="0"	maxCount="2"	respawnFreq="(2.0,4.0)" />
		<spawnInfo playerSize="3.5" maxCount="4"	respawnFreq="0.3" />
		<spawnInfo playerSize="4.5" maxCount="3"	respawnFreq="0.5" />
	</enemyFish> 

	<enemyFish name="Lion A Large" template="config/fish/LionALarge.xml" poolSize="2" >
		<spawnInfo playerSize="0"	maxCount="0"	respawnFreq="(2.0,4.0)" />
		<spawnInfo playerSize="3.5" maxCount="1"	respawnFreq="(2.0,4.0)" />
		<spawnInfo playerSize="4.5" maxCount="2"	respawnFreq="0.3" />
	</enemyFish> 

-->
	<music	introSound="stageIntro"
			outroSound="stageOutro"
			gameMusic="resources/music/track1.wav" 
			ambientSound="config/sound/ambience1.xml"
			/>
		
</stage>
