<screen name="Bubble Bubble Start">

	<include name="baseLyout" file="config\Stages\wyw\ssb_05.xml" />

	<textSub name="title" string="" />
								  
	<textSub name="tagline" string="" />

	<textSub name="para1"  string="" />

	<textSub name="para2"  string=""/>

	<group x="465" y="225" scaleX="-1" name="school">
		<image x="8" y="6" name="minnow2" scaleX="0.5" scaleY="0.5" file="resources/brineShrimp/hudImage.png" />
		<image x="-15" y="12" name="minnow2" scaleX="0.5" scaleY="0.5" file="resources/brineShrimp/hudImage.png" />
		<image x="-5" y="-18" name="minnow2" scaleX="0.5" scaleY="0.5" file="resources/brineShrimp/hudImage.png" />
		<image x="-30" y="0" name="minnow2" scaleX="0.5" scaleY="0.5" file="resources/brineShrimp/hudImage.png" />
		<image x="-18" y="-32" name="minnow2" scaleX="0.5" scaleY="0.5" file="resources/brineShrimp/hudImage.png" />
		<image x="-36" y="-14" name="minnow2" scaleX="0.5" scaleY="0.5" file="resources/brineShrimp/hudImage.png" />
		<image x="26" y="-19" name="minnow2" scaleX="0.5" scaleY="0.5" file="resources/brineShrimp/hudImage.png" />
	</group>

	<textSub name="objectiveText" string=" " />
	<textSub name="timeObjectiveText" string=" " />

</screen>