<particleSystem autoStop="-1.0" >

	<particleStream sequence="random" emitRate="15.0" offset="0,0" offsetType="groupRelative" >
		<velocity startX="(35,60)" startY="(-0,-0)" />
		<acceleration rate="(0,0)" />
		<blackHole pos="0,0" accel="700" />
		<position startX="(-120,-200)" startY="(-60,60)" />
		<scale startScale="(0.5,0.3)" endScale="(0.1,0.1)" />
		<particleLife lifeTime="(0.5,0.5)" />
		<opacity startOp="0.2" endOp="1.0" />
		<resource type="image" path="resources/FX/bubbleParticle" />
	</particleStream>

</particleSystem>