<particleSystem autoStop="-1.0" autoStop="0.25" >

	<particleStream sequence="sequence" emitRate="50" offset="0,0" offsetType="groupRelative">
		<resource type="image" path="resources/FX/bubbleParticle" />
		<velocity startX="(-12,12)" startY="(20,-120)" />
		<acceleration rate="(1,4)" />
		<extForce force="0,-60.8" />
		<position startX="(-38,38)" startY="(20,30)" />
		<scale startScale="(0.1,0.3)" endScale="(0.4,0.7)" constantScale="false" />
		<particleLife lifeTime="(0.5,1.0)" />
		<opacity startOp="0.9" endOp="0.01" />
		<jitter axis="X" amplitude="(0.3,0.5)" period="(1.5,2.5)" rate="(1.5,2.5)" />
	</particleStream>

</particleSystem>