<particleSystem autoStop="-1.0" >

	<particleStream sequence="random" autoStop="0.2" emitRate="30.0" offset="0,0" 
						parent="hudOffsetGroup" offsetType="groupRelative">
		<resource type="image" path="resources/FX/bubbleParticle" />
		<velocity startX="(-200,200)" startY="(-100,300)" />
		<acceleration rate="-550" />
		<extForce force="0,-660.8" />
		<position startX="(-20,20)" startY="(-20,20)" />
		<scale startScale="(0.1,0.25)" endScale="(0.2,0.2)" />
		<particleLife lifeTime="(0.6,0.65)" />
		<opacity startOp="3.0" endOp="0.0" />
	</particleStream>
	
</particleSystem>