<particleSystem autoStop="-1.0" >

	<particleStream sequence="sequence" emitRate="8.0" offset="10,6" parent="hudOffsetGroup" offsetType="independent">
		<resource type="image" path="resources/FX/poisonSmoke" />
		<velocity startX="(-0,0)" startY="(0,0)" />
		<acceleration rate="(3,7)" />
		<extForce force="0,-40.8" />
		<position startX="(-20,20)" startY="(-3,3)" />
		<scale startScale="(0.01,0.03)" endScale="(0.5,1.0)" />
		<particleLife lifeTime="(0.6,1.1)" />
		<opacity startOp="0.5" endOp="0.0" />
	</particleStream>

</particleSystem>