<screen name="Crazy Jelly Start">
	<include name="baseLyout" file="config\Stages\wyw\ssb_07.xml" />

	<textSub name="title" string="" />
								  
	<textSub name="tagline" string="" />
		
	<textSub name="para1"  string="" />

	<textSub name="para2"  string=""/>

	<image name="extraButton" file="resources\jellyFish\jelly.4.jpg" opacity="0.79" scaleY="0.7" scaleX="0.7" x="485" y="155" />

	<textSub name="objectiveText" string="" />
	<textSub name="timeObjectiveText" string="" />
</screen>
