<funFacts>
	<fact string="A" />
	<fact string="B" />
	<fact string="C" />
	<fact string="D" />
	<fact string="E" />
	<fact string="F" />
	<fact string="G" />
	<fact string="H" />
	<fact string="I" />
	<fact string="J" />
	<fact string="K" />
	<fact string="L" />
	<fact string="M" />
	<fact string="N" />
	<fact string="O" />
	<fact string="P" />
	<fact string="Q" />
	<fact string="R" />
	<fact string="S" />
	<fact string="T" />
	<fact string="U" />
	<fact string="V" />
	<fact string="W" />
	<fact string="X" />
	<fact string="Y" />
	<fact string="Z" />
	<fact string="a" />
	<fact string="b" />
	<fact string="c" />
	<fact string="d" />
	<fact string="e" />
	<fact string="f" />
	<fact string="g" />
	<fact string="h" />
	<fact string="i" />
	<fact string="j" />
	<fact string="k" />
	<fact string="l" />
	<fact string="m" />
	<fact string="n" />
	<fact string="o" />
	<fact string="p" />
	<fact string="q" />
	<fact string="r" />
	<fact string="s" />
	<fact string="t" />
	<fact string="u" />
	<fact string="v" />
	<fact string="w" />
	<fact string="x" />
	<fact string="y" />
</funFacts>
