<screen name="Mine Tool Tip">

	<group name="toolTip" x="77" y="50" >
	
		<group name="popUp" x="62" y="75">
			<image name="background" scaleY="1" file="resources\Hud\toolTipBase.png"  />
			<text string="Tip!" x="120" y="0" font="resources/menus/menuFont.xml" />
			
			<text name="toolTipText" x="10" y="38" xAlign="left" font="resources/hud/textFont.xml" string="Watch out for mines that fall from\nthe surface - one touch, and you're\ntoast!" />
			
			<imageButton upImg="resources/menus/smallGenericButtonNormal.png" overImg="resources/menus/smallGenericButtonHigh.png" x="100" y="210" action="toolTipDone"  overSound="resources/sounds/mouseOver.wav" activeSound="resources/sounds/mouseDown.wav" />
			<text string="OK" font="resources/hud/buttonFont.xml" xAlign="center" x="148" y="215" />

			<image name="mine" file="resources/mine/mine0.jpg" x="108" y="110" />
		</group>


	</group>
	
</screen>