<screen name="Need for Speed">
	<include name="baseLyout" file="config\Stages\wyw\ssb_12.xml" />

	<textSub name="title" string="" />
								  
	<textSub name="tagline" string="" />
		
	<textSub name="para1"  string="" />

	<textSub name="para2"  string=""/>

	<image name="extraButton"  file="resources\bonus\speedBubble1.jpg" x="156" y="119" />
	<image name="extraButton"  file="resources\bonus\speedBubble1.jpg" x="447" y="119" />

	<image name="extraButton"  file="resources\bonus\speedBubble1.jpg"  x="500" y="267" />

	<textSub name="objectiveText" string=" " />
	<textSub name="timeObjectiveText" string=" " />
</screen>
