<fish name="Angel A Small"
	class="FlyByFish"
	foodValue="20"
	maxSpeedX="(300,400)"
	minSpeedX="(50,90)"
	minSpeedY="(0,0)"
	maxSpeedY="(50,60)" 
	sightDist="200" 
	sightAngle="70" 
	accelRate="400" 
	dragRate="40" 
	scale="0.40"
	hotSpot="-15,-24,30,25"
	collision="5,19,95,90"
	size="3"
	spawnType="offStageLR"
	animPath="resources/angelFish/"
	hsvOffset="-67,0,0"
	wanderMoveChangeFreq="(2.0,7.0)"
	wanderStateChangeFreq="(5.0,10.0)"
	chaseMoveChangeFreq="(0.5,1.5)"
	chaseStateChangeFreq="(2.0,5.0)"
	runMoveChangeFreq="(1.0,5.0)"
	runStateChangeFreq="(2.0,5.0)"
	sightCheckFreq="0.2"
	>
	
	<sound class="eaten" name="eatenSound" pitch="1.5" />
	<menuImage onImage="resources/angelFish/hudImage.png" />
	
	
	<react class="Mine" reaction="avoid" reactFreq="1.0" />
	<react class="BasicJellyFish" reaction="avoid" reactFreq="1.0" />
	<react class="PlayerFish" reaction="avoid" reactFreq="1.0" />
	<react class="SoldierFish" reaction="avoid" reactFreq="0.6" />
	<react class="BrineShrimp" reaction="avoid" reactFreq="0.5" />
	<react class="ChaserFish" reaction="avoid" reactFreq="0.8" />
	<react class="PufferFish" reaction="avoid" reactFreq="0.8" />	
</fish>
